Phoenix, Arizona
Batumi
Phú Vang
Kushinagar, India
Ra'anana, Israel
London, Ontario
Seria, Brunei
Santiago, Chile
Heidelberg, Germany
Calama, Antofagasta
Kraków, Poland
Porto Alegre
Paris, France
New York
Queenstown, Eastern Cape
Praia, Cape Verde
Malang
Amsterdam, Netherlands
Melbourne, Victoria, Australia
Thursday Island
Fort Lauderdale, Florida
Offenham, Worcestershire, United Kingdom
Los Angeles, California
Perth, Western Australia
Miami, Florida
Saint Paul, Minnesota
San Jose, California
Warren, Ohio
Raeford, North Carolina
Maesteg
New York
Anesthesia
Rockingham, Western Australia
Wasilla, Alaska
Virginia Beach, Virginia
Bronx, New York
Cottesloe, Western Australia, Australia
Warren, Michigan
Toledo, Ohio
Townsville, Queensland
Edinburgh, United Kingdom
Edinburgh, United Kingdom
Whakatane, New Zealand
Annapolis, Maryland
Avalon, California
Boston, Massachusetts
Pittsburgh, Pennsylvania
Harrison, New York
New York, New York
New York, New York
Atlanta, Georgia
Los Angeles, California
Arlington, Virginia
Sydney, Australia
Greensboro, North Carolina
New York, New York
Navojoa, Sonora
Sydney, Australia
Orlando, Florida
Bradenton, Florida
Stonington, Connecticut
Tampa, Florida
Hayward, California
Brampton, Ontario
Quezon City, Philippines
Burlington, North Carolina
Seattle, Washington
Wilmington, North Carolina
Boynton Beach, Florida
West Chicago, Illinois
Bethlehem, Pennsylvania
Bowdon, Georgia
Toronto, Ontario
San Juan, Puerto Rico
Myitkyina
Male, Maldives
Cabarete
Iasi, Romania
Kemptville, Ontario
Lymington
Cambridge, Massachusetts
Lurgan
Aberdeen
Woodstock, Georgia
Dungannon
Los Angeles, California
Ottawa, Ontario
Melbourne, Victoria, Australia
Cambridge, Ontario
Milwaukee, Wisconsin
Tampa, Florida
Norwich, Norfolk
San Jose, California
Minneapolis, Minnesota
Bundaberg, Queensland
Loughborough
Glendale, Arizona
Detroit, Michigan
Savannah, Georgia
Telsiai
Hobart, Tasmania
Martins Ferry, Ohio
London, United Kingdom
Martins Ferry, Ohio
Medford, Oregon
Nashville, Tennessee
Albion, New York
Hayward, California
Bournemouth
Tacoma, Washington
Duluth, Georgia
Houston, Texas
Northampton, Northamptonshire
Galati
Culiacán, Sinaloa
Dublin, Ireland
Barbacena
Gorzów Wielkopolski
Houston, Texas
Burton, Michigan
Aguada, Puerto Rico
Singapore
Muscat, Oman
Qeqertarsuaq
Chocowinity, North Carolina
Combia, Risaralda, Colombia
Nijmegen, Netherlands
Galway, Ireland
Houston, Texas
Perth, Western Australia
São Paulo, Brazil
Fredrikstad
Bogotá, Colombia
Randburg, Gauteng, South Africa
Skopje
Singapore
Montcada i Reixac
Murfreesboro, Tennessee
São Paulo, Brazil
Sydney, Australia
Chihuahua, Chihuahua
Malta
Berlin, Germany
Mexico City, Mexico
Miami, Florida
Lima, Peru
Ponce, Puerto Rico
Bedford, Bedfordshire, United Kingdom
Wanganui, New Zealand
New York, New York
Budapest, Hungary
Puna'auia
Grangeville, Idaho
Acre, Israel
Hamburg, Germany
Bhubaneswar, India
Cluj-Napoca
Ciudad Quillacollo, Cochabamba, Bolivia
San Pedro Sula, Cortes
Miami, Florida
Moc Chau
Porto, Portugal
Greenville, South Carolina
Andorra, Aragon, Spain
Kadimah, Hamerkaz, Israel
Paris, France
Mayaguez, Puerto Rico
Sydney, Australia
Holetown, Barbados
Sengata, Kalimantan Timur, Indonesia
Mexico City, Mexico
Quito, Ecuador
Warzymice
Murcia, Murcia
New York, New York
Victoria, Grenada
Mexico City, Mexico
Gyor
Gaborone, Botswana
São Paulo, Brazil
San Juan, Puerto Rico
Trujillo Alto
Malloco, Region Metropolitana, Chile
Thessaloníki
Cambridge, Cambridgeshire
Schwenksville, Pennsylvania
Dushanbe, Tajikistan
Salto, Sao Paulo
Panama City, Panama
Dembeni
Segovia, Spain
Fort Lauderdale, Florida
Luxembourg, Luxembourg
Culiacán, Sinaloa
Castlederg
Cotonou, Benin
São Tomé
Semirara, Antique, Philippines
Ciudad La Paz, La Paz, Bolivia
Cancún, Quintana Roo
Manticao, Misamis Oriental
Mexico City, Mexico
Piggs Peak
Damascus